#x_m; y_m; psi_rad
-10.7,-30.575,3.141592653589793
-10.75,-30.575,3.141592653589793
-10.8,-30.575,3.141592653589793
-10.850000000000001,-30.575,3.141592653589793
-10.900000000000002,-30.575,3.141592653589793
-10.95,-30.575,3.141592653589793
-11.0,-30.575,3.141592653589793
-11.05,-30.575,3.141592653589793
-11.100000000000001,-30.575,3.141592653589793
-11.150000000000002,-30.575,3.141592653589793
-11.2,-30.575,3.141592653589793
-11.25,-30.575,3.141592653589793
-11.3,-30.575,3.141592653589793
-11.350000000000001,-30.575,3.141592653589793
-11.400000000000002,-30.575,3.141592653589793
-11.45,-30.575,3.141592653589793
-11.5,-30.575,3.141592653589793
-11.55,-30.575,3.141592653589793
-11.600000000000001,-30.575,3.141592653589793
-11.650000000000002,-30.575,3.141592653589793
-11.700000000000003,-30.575,3.141592653589793
-11.75,-30.575,3.141592653589793
-11.8,-30.575,3.141592653589793
-11.850000000000001,-30.575,3.141592653589793
-11.900000000000002,-30.575,3.141592653589793
-11.950000000000003,-30.575,3.141592653589793
-12.0,-30.575,3.141592653589793
-12.05,-30.575,3.141592653589793
-12.100000000000001,-30.575,3.141592653589793
-12.150000000000002,-30.575,3.141592653589793
-12.200000000000003,-30.575,3.141592653589793
-12.25,-30.575,2.356194490192345
-12.3,-30.525,2.3561944901923804
-12.350000000000001,-30.475,2.356194490192345
-12.400000000000002,-30.425,2.356194490192345
-12.450000000000003,-30.375,2.3561944901923093
-12.5,-30.325,2.356194490192345
-12.55,-30.275,2.3561944901923804
-12.600000000000001,-30.225,2.356194490192345
-12.650000000000002,-30.175,2.356194490192345
-12.700000000000003,-30.125,2.3561944901923093
-12.75,-30.075,2.356194490192345
-12.8,-30.025,2.3561944901923804
-12.850000000000001,-29.975,2.356194490192345
-12.900000000000002,-29.925,2.356194490192345
-12.950000000000003,-29.875,2.3561944901923093
-13.0,-29.825,2.356194490192345
-13.05,-29.775,2.3561944901923804
-13.100000000000001,-29.725,2.356194490192345
-13.150000000000002,-29.675,2.356194490192345
-13.200000000000003,-29.625,2.3561944901923093
-13.25,-29.575,3.141592653589793
-13.3,-29.575,3.141592653589793
-13.350000000000001,-29.575,3.141592653589793
-13.400000000000002,-29.575,3.141592653589793
-13.450000000000003,-29.575,3.141592653589793
-13.5,-29.575,3.141592653589793
-13.55,-29.575,3.141592653589793
-13.600000000000001,-29.575,3.141592653589793
-13.650000000000002,-29.575,3.141592653589793
-13.700000000000003,-29.575,3.141592653589793
-13.75,-29.575,2.356194490192345
-13.8,-29.525,3.141592653589793
-13.850000000000001,-29.525,3.141592653589793
-13.900000000000002,-29.525,3.141592653589793
-13.950000000000003,-29.525,3.141592653589793
-14.0,-29.525,3.141592653589793
-14.05,-29.525,2.3561944901923804
-14.100000000000001,-29.475,3.141592653589793
-14.150000000000002,-29.475,3.141592653589793
-14.200000000000003,-29.475,2.3561944901923093
-14.25,-29.425,3.141592653589793
-14.3,-29.425,3.141592653589793
-14.350000000000001,-29.425,2.356194490192345
-14.400000000000002,-29.375,3.141592653589793
-14.450000000000003,-29.375,3.141592653589793
-14.5,-29.375,2.356194490192345
-14.55,-29.325,3.141592653589793
-14.600000000000001,-29.325,2.356194490192345
-14.650000000000002,-29.275,3.141592653589793
-14.700000000000001,-29.275,3.141592653589793
-14.750000000000002,-29.275,2.3561944901923626
-14.8,-29.225,3.141592653589793
-14.850000000000001,-29.225,3.141592653589793
-14.900000000000002,-29.225,2.356194490192327
-14.950000000000001,-29.175,2.356194490192345
-15.000000000000002,-29.125,3.141592653589793
-15.05,-29.125,2.356194490192345
-15.100000000000001,-29.075,2.356194490192345
-15.150000000000002,-29.025,3.141592653589793
-15.200000000000001,-29.025,2.3561944901923804
-15.250000000000002,-28.975,2.356194490192327
-15.3,-28.925,3.141592653589793
-15.350000000000001,-28.925,2.356194490192345
-15.400000000000002,-28.875,2.356194490192327
-15.450000000000001,-28.825,3.141592653589793
-15.500000000000002,-28.825,3.141592653589793
-15.55,-28.825,2.356194490192345
-15.600000000000001,-28.775,2.3561944901923804
-15.650000000000002,-28.725,3.141592653589793
-15.700000000000001,-28.725,2.356194490192345
-15.750000000000002,-28.675,2.356194490192327
-15.8,-28.625,2.356194490192345
-15.850000000000001,-28.575,2.356194490192345
-15.900000000000002,-28.525,3.141592653589793
-15.950000000000001,-28.525,2.3561944901923626
-16.0,-28.475,2.356194490192345
-16.05,-28.425,2.356194490192345
-16.1,-28.375,2.356194490192345
-16.150000000000002,-28.325,1.5707963267948966
-16.150000000000002,-28.275,2.3561944901923804
-16.200000000000003,-28.225,2.3561944901923093
-16.25,-28.175,2.356194490192345
-16.3,-28.125,2.356194490192345
-16.35,-28.075,2.356194490192345
-16.400000000000002,-28.025,1.5707963267948966
-16.400000000000002,-27.975,2.356194490192345
-16.450000000000003,-27.925,2.3561944901923093
-16.5,-27.875,2.356194490192345
-16.55,-27.825,1.5707963267948966
-16.55,-27.775,2.3561944901923804
-16.6,-27.725,2.356194490192345
-16.650000000000002,-27.675,1.5707963267948966
-16.650000000000002,-27.625,2.356194490192345
-16.700000000000003,-27.575,2.3561944901923093
-16.75,-27.525,1.5707963267948966
-16.75,-27.475,2.3561944901923093
-16.8,-27.424999999999997,2.3561944901923804
-16.85,-27.375,1.5707963267948966
-16.85,-27.325,2.356194490192345
-16.900000000000002,-27.275,2.3561944901923804
-16.950000000000003,-27.225,1.5707963267948966
-16.950000000000003,-27.174999999999997,2.356194490192345
-17.0,-27.125,2.356194490192345
-17.05,-27.075,1.5707963267948966
-17.05,-27.025,2.3561944901923804
-17.1,-26.975,1.5707963267948966
-17.1,-26.924999999999997,2.3561944901923804
-17.150000000000002,-26.875,1.5707963267948966
-17.150000000000002,-26.825,2.356194490192345
-17.200000000000003,-26.775,1.5707963267948966
-17.200000000000003,-26.725,2.356194490192274
-17.25,-26.674999999999997,1.5707963267948966
-17.25,-26.625,2.356194490192345
-17.3,-26.575,1.5707963267948966
-17.3,-26.525,1.5707963267948966
-17.3,-26.475,2.3561944901923093
-17.35,-26.424999999999997,1.5707963267948966
-17.35,-26.375,2.356194490192345
-17.400000000000002,-26.325,1.5707963267948966
-17.400000000000002,-26.275,1.5707963267948966
-17.400000000000002,-26.225,2.3561944901923093
-17.450000000000003,-26.174999999999997,1.5707963267948966
-17.450000000000003,-26.125,2.3561944901923093
-17.5,-26.075,1.5707963267948966
-17.5,-26.025,1.5707963267948966
-17.5,-25.975,2.3561944901923093
-17.55,-25.924999999999997,1.5707963267948966
-17.55,-25.875,1.5707963267948966
-17.55,-25.825,2.356194490192345
-17.6,-25.775,1.5707963267948966
-17.6,-25.725,1.5707963267948966
-17.6,-25.674999999999997,2.3561944901923804
-17.650000000000002,-25.625,1.5707963267948966
-17.650000000000002,-25.575,1.5707963267948966
-17.650000000000002,-25.525,2.3561944901923804
-17.700000000000003,-25.475,1.5707963267948966
-17.700000000000003,-25.424999999999997,1.5707963267948966
-17.700000000000003,-25.375,1.5707963267948966
-17.700000000000003,-25.325,2.3561944901923093
-17.75,-25.275,1.5707963267948966
-17.75,-25.225,1.5707963267948966
-17.75,-25.174999999999997,2.3561944901923804
-17.8,-25.125,1.5707963267948966
-17.8,-25.075,1.5707963267948966
-17.8,-25.025,1.5707963267948966
-17.8,-24.975,2.3561944901923093
-17.85,-24.924999999999997,1.5707963267948966
-17.85,-24.875,1.5707963267948966
-17.85,-24.825,2.356194490192345
-17.900000000000002,-24.775,1.5707963267948966
-17.900000000000002,-24.725,1.5707963267948966
-17.900000000000002,-24.674999999999997,2.3561944901923804
-17.950000000000003,-24.625,1.5707963267948966
-17.950000000000003,-24.575,1.5707963267948966
-17.950000000000003,-24.525,1.5707963267948966
-17.950000000000003,-24.475,2.356194490192274
-18.0,-24.424999999999997,1.5707963267948966
-18.0,-24.375,1.5707963267948966
-18.0,-24.325,1.5707963267948966
-18.0,-24.275,2.3561944901923804
-18.05,-24.225,1.5707963267948966
-18.05,-24.174999999999997,1.5707963267948966
-18.05,-24.125,1.5707963267948966
-18.05,-24.075,1.5707963267948966
-18.05,-24.025,2.3561944901923804
-18.1,-23.975,1.5707963267948966
-18.1,-23.924999999999997,1.5707963267948966
-18.1,-23.875,1.5707963267948966
-18.1,-23.825,1.5707963267948966
-18.1,-23.775,2.3561944901923804
-18.150000000000002,-23.725,1.5707963267948966
-18.150000000000002,-23.674999999999997,1.5707963267948966
-18.150000000000002,-23.625,1.5707963267948966
-18.150000000000002,-23.575,1.5707963267948966
-18.150000000000002,-23.525,1.5707963267948966
-18.150000000000002,-23.475,2.3561944901923093
-18.200000000000003,-23.424999999999997,1.5707963267948966
-18.200000000000003,-23.375,1.5707963267948966
-18.200000000000003,-23.325,1.5707963267948966
-18.200000000000003,-23.275,1.5707963267948966
-18.200000000000003,-23.225,1.5707963267948966
-18.200000000000003,-23.174999999999997,1.5707963267948966
-18.200000000000003,-23.125,2.3561944901923093
-18.25,-23.075,1.5707963267948966
-18.25,-23.025,1.5707963267948966
-18.25,-22.975,1.5707963267948966
-18.25,-22.924999999999997,1.5707963267948966
-18.25,-22.875,1.5707963267948966
-18.25,-22.825,1.5707963267948966
-18.25,-22.775,1.5707963267948966
-18.25,-22.725,2.3561944901923093
-18.3,-22.674999999999997,1.5707963267948966
-18.3,-22.625,1.5707963267948966
-18.3,-22.575,1.5707963267948966
-18.3,-22.525,1.5707963267948966
-18.3,-22.475,1.5707963267948966
-18.3,-22.424999999999997,1.5707963267948966
-18.3,-22.375,1.5707963267948966
-18.3,-22.325,2.356194490192345
-18.35,-22.275,1.5707963267948966
-18.35,-22.225,1.5707963267948966
-18.35,-22.174999999999997,1.5707963267948966
-18.35,-22.125,1.5707963267948966
-18.35,-22.075,1.5707963267948966
-18.35,-22.025,1.5707963267948966
-18.35,-21.975,1.5707963267948966
-18.35,-21.924999999999997,1.5707963267948966
-18.35,-21.875,2.356194490192345
-18.400000000000002,-21.825,1.5707963267948966
-18.400000000000002,-21.775,1.5707963267948966
-18.400000000000002,-21.725,1.5707963267948966
-18.400000000000002,-21.674999999999997,1.5707963267948966
-18.400000000000002,-21.625,1.5707963267948966
-18.400000000000002,-21.575,1.5707963267948966
-18.400000000000002,-21.525,1.5707963267948966
-18.400000000000002,-21.475,1.5707963267948966
-18.400000000000002,-21.424999999999997,1.5707963267948966
-18.400000000000002,-21.375,1.5707963267948966
-18.400000000000002,-21.325,1.5707963267948966
-18.400000000000002,-21.275,2.3561944901923804
-18.450000000000003,-21.225,1.5707963267948966
-18.450000000000003,-21.174999999999997,1.5707963267948966
-18.450000000000003,-21.125,1.5707963267948966
-18.450000000000003,-21.075,1.5707963267948966
-18.450000000000003,-21.025,1.5707963267948966
-18.450000000000003,-20.975,1.5707963267948966
-18.450000000000003,-20.924999999999997,1.5707963267948966
-18.450000000000003,-20.875,1.5707963267948966
-18.450000000000003,-20.825,1.5707963267948966
-18.450000000000003,-20.775,1.5707963267948966
-18.450000000000003,-20.725,1.5707963267948966
-18.450000000000003,-20.674999999999997,1.5707963267948966
-18.450000000000003,-20.625,1.5707963267948966
-18.450000000000003,-20.575,2.3561944901923093
-18.5,-20.525,1.5707963267948966
-18.5,-20.475,1.5707963267948966
-18.5,-20.424999999999997,1.5707963267948966
-18.5,-20.375,1.5707963267948966
-18.5,-20.325,1.5707963267948966
-18.5,-20.275,1.5707963267948966
-18.5,-20.225,1.5707963267948966
-18.5,-20.174999999999997,1.5707963267948966
-18.5,-20.125,1.5707963267948966
-18.5,-20.075,1.5707963267948966
-18.5,-20.025,1.5707963267948966
-18.5,-19.975,1.5707963267948966
-18.5,-19.924999999999997,1.5707963267948966
-18.5,-19.875,1.5707963267948966
-18.5,-19.825,1.5707963267948966
-18.5,-19.775,1.5707963267948966
-18.5,-19.725,1.5707963267948966
-18.5,-19.674999999999997,1.5707963267948966
-18.5,-19.625,1.5707963267948966
-18.5,-19.575,1.5707963267948966
-18.5,-19.525,1.5707963267948966
-18.5,-19.474999999999998,1.5707963267948966
-18.5,-19.425,1.5707963267948966
-18.5,-19.375,1.5707963267948966
-18.5,-19.325,2.356194490192345
-18.55,-19.275,1.5707963267948966
-18.55,-19.224999999999998,1.5707963267948966
-18.55,-19.175,1.5707963267948966
-18.55,-19.125,1.5707963267948966
-18.55,-19.075,1.5707963267948966
-18.55,-19.025,1.5707963267948966
-18.55,-18.974999999999998,1.5707963267948966
-18.55,-18.925,1.5707963267948966
-18.55,-18.875,1.5707963267948966
-18.55,-18.825,1.5707963267948966
-18.55,-18.775,1.5707963267948966
-18.55,-18.724999999999998,1.5707963267948966
-18.55,-18.675,1.5707963267948966
-18.55,-18.625,1.5707963267948966
-18.55,-18.575,1.5707963267948966
-18.55,-18.525,1.5707963267948966
-18.55,-18.474999999999998,1.5707963267948966
-18.55,-18.425,1.5707963267948966
-18.55,-18.375,1.5707963267948966
-18.55,-18.325,1.5707963267948966
-18.55,-18.275,1.5707963267948966
-18.55,-18.224999999999998,1.5707963267948966
-18.55,-18.175,1.5707963267948966
-18.55,-18.125,1.5707963267948966
-18.55,-18.075,1.5707963267948966
-18.55,-18.025,1.5707963267948966
-18.55,-17.974999999999998,1.5707963267948966
-18.55,-17.925,1.5707963267948966
-18.55,-17.875,1.5707963267948966
-18.55,-17.825,1.5707963267948966
-18.55,-17.775,1.5707963267948966
-18.55,-17.724999999999998,1.5707963267948966
-18.55,-17.675,1.5707963267948966
-18.55,-17.625,1.5707963267948966
-18.55,-17.575,1.5707963267948966
-18.55,-17.525,1.5707963267948966
-18.55,-17.474999999999998,1.5707963267948966
-18.55,-17.425,1.5707963267948966
-18.55,-17.375,1.5707963267948966
-18.55,-17.325,1.5707963267948966
-18.55,-17.275,1.5707963267948966
-18.55,-17.224999999999998,1.5707963267948966
-18.55,-17.175,1.5707963267948966
-18.55,-17.125,1.5707963267948966
-18.55,-17.075,1.5707963267948966
-18.55,-17.025,1.5707963267948966
-18.55,-16.974999999999998,1.5707963267948966
-18.55,-16.925,1.5707963267948966
-18.55,-16.875,1.5707963267948966
-18.55,-16.825,1.5707963267948966
-18.55,-16.775,1.5707963267948966
-18.55,-16.724999999999998,1.5707963267948966
-18.55,-16.675,1.5707963267948966
-18.55,-16.625,1.5707963267948966
-18.55,-16.575,1.5707963267948966
-18.55,-16.525,1.5707963267948966
-18.55,-16.474999999999998,1.5707963267948966
-18.55,-16.424999999999997,1.5707963267948966
-18.55,-16.375,1.5707963267948966
-18.55,-16.325,1.5707963267948966
-18.55,-16.275,1.5707963267948966
-18.55,-16.224999999999998,1.5707963267948966
-18.55,-16.174999999999997,1.5707963267948966
-18.55,-16.125,1.5707963267948966
-18.55,-16.075,1.5707963267948966
-18.55,-16.025,1.5707963267948966
-18.55,-15.974999999999998,1.5707963267948966
-18.55,-15.924999999999997,1.5707963267948966
-18.55,-15.875,1.5707963267948966
-18.55,-15.825,1.5707963267948966
-18.55,-15.774999999999999,1.5707963267948966
-18.55,-15.724999999999998,1.5707963267948966
-18.55,-15.674999999999997,1.5707963267948966
-18.55,-15.625,1.5707963267948966
-18.55,-15.575,1.5707963267948966
-18.55,-15.524999999999999,1.5707963267948966
-18.55,-15.474999999999998,1.5707963267948966
-18.55,-15.424999999999997,1.5707963267948966
-18.55,-15.375,1.5707963267948966
-18.55,-15.325,1.5707963267948966
-18.55,-15.274999999999999,1.5707963267948966
-18.55,-15.224999999999998,1.5707963267948966
-18.55,-15.174999999999997,1.5707963267948966
-18.55,-15.125,1.5707963267948966
-18.55,-15.075,1.5707963267948966
-18.55,-15.024999999999999,1.5707963267948966
-18.55,-14.974999999999998,1.5707963267948966
-18.55,-14.924999999999997,1.5707963267948966
-18.55,-14.875,1.5707963267948966
-18.55,-14.825,1.5707963267948966
-18.55,-14.774999999999999,1.5707963267948966
-18.55,-14.724999999999998,1.5707963267948966
-18.55,-14.674999999999997,1.5707963267948966
-18.55,-14.625,1.5707963267948966
-18.55,-14.575,1.5707963267948966
-18.55,-14.524999999999999,1.5707963267948966
-18.55,-14.474999999999998,1.5707963267948966
-18.55,-14.424999999999997,1.5707963267948966
-18.55,-14.375,1.5707963267948966
-18.55,-14.325,1.5707963267948966
-18.55,-14.274999999999999,1.5707963267948966
-18.55,-14.224999999999998,1.5707963267948966
-18.55,-14.174999999999997,1.5707963267948966
-18.55,-14.125,1.5707963267948966
-18.55,-14.075,1.5707963267948966
-18.55,-14.024999999999999,1.5707963267948966
-18.55,-13.974999999999998,1.5707963267948966
-18.55,-13.924999999999997,1.5707963267948966
-18.55,-13.875,1.5707963267948966
-18.55,-13.825,1.5707963267948966
-18.55,-13.774999999999999,1.5707963267948966
-18.55,-13.724999999999998,1.5707963267948966
-18.55,-13.674999999999997,1.5707963267948966
-18.55,-13.625,1.5707963267948966
-18.55,-13.575,1.5707963267948966
-18.55,-13.524999999999999,1.5707963267948966
-18.55,-13.474999999999998,1.5707963267948966
-18.55,-13.424999999999997,1.5707963267948966
-18.55,-13.375,1.5707963267948966
-18.55,-13.325,1.5707963267948966
-18.55,-13.274999999999999,1.5707963267948966
-18.55,-13.224999999999998,1.5707963267948966
-18.55,-13.174999999999997,1.5707963267948966
-18.55,-13.125,1.5707963267948966
-18.55,-13.075,1.5707963267948966
-18.55,-13.024999999999999,1.5707963267948966
-18.55,-12.974999999999998,1.5707963267948966
-18.55,-12.924999999999997,1.5707963267948966
-18.55,-12.875,1.5707963267948966
-18.55,-12.825,1.5707963267948966
-18.55,-12.774999999999999,1.5707963267948966
-18.55,-12.724999999999998,1.5707963267948966
-18.55,-12.674999999999997,1.5707963267948966
-18.55,-12.625,1.5707963267948966
-18.55,-12.575,1.5707963267948966
-18.55,-12.524999999999999,1.5707963267948966
-18.55,-12.474999999999998,1.5707963267948966
-18.55,-12.424999999999997,1.5707963267948966
-18.55,-12.375,1.5707963267948966
-18.55,-12.325,1.5707963267948966
-18.55,-12.274999999999999,1.5707963267948966
-18.55,-12.224999999999998,1.5707963267948966
-18.55,-12.174999999999997,1.5707963267948966
-18.55,-12.125,1.5707963267948966
-18.55,-12.075,1.5707963267948966
-18.55,-12.024999999999999,1.5707963267948966
-18.55,-11.974999999999998,1.5707963267948966
-18.55,-11.924999999999997,1.5707963267948966
-18.55,-11.875,1.5707963267948966
-18.55,-11.825,1.5707963267948966
-18.55,-11.774999999999999,1.5707963267948966
-18.55,-11.724999999999998,1.5707963267948966
-18.55,-11.674999999999997,1.5707963267948966
-18.55,-11.625,1.5707963267948966
-18.55,-11.575,1.5707963267948966
-18.55,-11.524999999999999,1.5707963267948966
-18.55,-11.474999999999998,1.5707963267948966
-18.55,-11.424999999999997,1.5707963267948966
-18.55,-11.375,1.5707963267948966
-18.55,-11.325,1.5707963267948966
-18.55,-11.274999999999999,1.5707963267948966
-18.55,-11.224999999999998,1.5707963267948966
-18.55,-11.174999999999997,1.5707963267948966
-18.55,-11.125,1.5707963267948966
-18.55,-11.075,1.5707963267948966
-18.55,-11.024999999999999,1.5707963267948966
-18.55,-10.974999999999998,1.5707963267948966
-18.55,-10.924999999999997,1.5707963267948966
-18.55,-10.875,1.5707963267948966
-18.55,-10.825,1.5707963267948966
-18.55,-10.774999999999999,1.5707963267948966
-18.55,-10.724999999999998,1.5707963267948966
-18.55,-10.674999999999997,1.5707963267948966
-18.55,-10.625,1.5707963267948966
-18.55,-10.575,1.5707963267948966
-18.55,-10.524999999999999,1.5707963267948966
-18.55,-10.474999999999998,1.5707963267948966
-18.55,-10.424999999999997,1.5707963267948966
-18.55,-10.375,1.5707963267948966
-18.55,-10.325,1.5707963267948966
-18.55,-10.274999999999999,1.5707963267948966
-18.55,-10.224999999999998,1.5707963267948966
-18.55,-10.174999999999997,1.5707963267948966
-18.55,-10.125,1.5707963267948966
-18.55,-10.075,1.5707963267948966
-18.55,-10.024999999999999,1.5707963267948966
-18.55,-9.974999999999998,1.5707963267948966
-18.55,-9.924999999999997,1.5707963267948966
-18.55,-9.875,1.5707963267948966
-18.55,-9.825,1.5707963267948966
-18.55,-9.774999999999999,1.5707963267948966
-18.55,-9.724999999999998,1.5707963267948966
-18.55,-9.674999999999997,1.5707963267948966
-18.55,-9.625,1.5707963267948966
-18.55,-9.575,1.5707963267948966
-18.55,-9.524999999999999,1.5707963267948966
-18.55,-9.474999999999998,1.5707963267948966
-18.55,-9.424999999999997,1.5707963267948966
-18.55,-9.375,1.5707963267948966
-18.55,-9.325,1.5707963267948966
-18.55,-9.274999999999999,1.5707963267948966
-18.55,-9.224999999999998,1.5707963267948966
-18.55,-9.174999999999997,1.5707963267948966
-18.55,-9.125,1.5707963267948966
-18.55,-9.075,1.5707963267948966
-18.55,-9.024999999999999,1.5707963267948966
-18.55,-8.974999999999998,1.5707963267948966
-18.55,-8.924999999999997,1.5707963267948966
-18.55,-8.875,1.5707963267948966
-18.55,-8.825,1.5707963267948966
-18.55,-8.774999999999999,1.5707963267948966
-18.55,-8.724999999999998,1.5707963267948966
-18.55,-8.674999999999997,1.5707963267948966
-18.55,-8.625,1.5707963267948966
-18.55,-8.575,1.5707963267948966
-18.55,-8.524999999999999,1.5707963267948966
-18.55,-8.474999999999998,1.5707963267948966
-18.55,-8.424999999999997,1.5707963267948966
-18.55,-8.375,1.5707963267948966
-18.55,-8.325,1.5707963267948966
-18.55,-8.274999999999999,1.5707963267948966
-18.55,-8.224999999999998,1.5707963267948966
-18.55,-8.174999999999997,1.5707963267948966
-18.55,-8.125,1.5707963267948966
-18.55,-8.075,1.5707963267948966
-18.55,-8.024999999999999,1.5707963267948966
-18.55,-7.974999999999998,1.5707963267948966
-18.55,-7.924999999999997,1.5707963267948966
-18.55,-7.875,1.5707963267948966
-18.55,-7.824999999999999,1.5707963267948966
-18.55,-7.774999999999999,1.5707963267948966
-18.55,-7.724999999999998,1.5707963267948966
-18.55,-7.674999999999997,1.5707963267948966
-18.55,-7.625,1.5707963267948966
-18.55,-7.574999999999999,1.5707963267948966
-18.55,-7.524999999999999,1.5707963267948966
-18.55,-7.474999999999998,1.5707963267948966
-18.55,-7.424999999999997,1.5707963267948966
-18.55,-7.375,1.5707963267948966
-18.55,-7.324999999999999,1.5707963267948966
-18.55,-7.274999999999999,1.5707963267948966
-18.55,-7.224999999999998,1.5707963267948966
-18.55,-7.174999999999997,1.5707963267948966
-18.55,-7.125,1.5707963267948966
-18.55,-7.074999999999999,1.5707963267948966
-18.55,-7.024999999999999,1.5707963267948966
-18.55,-6.974999999999998,1.5707963267948966
-18.55,-6.924999999999997,1.5707963267948966
-18.55,-6.875,1.5707963267948966
-18.55,-6.824999999999999,1.5707963267948966
-18.55,-6.774999999999999,1.5707963267948966
-18.55,-6.724999999999998,1.5707963267948966
-18.55,-6.674999999999997,1.5707963267948966
-18.55,-6.625,1.5707963267948966
-18.55,-6.574999999999999,1.5707963267948966
-18.55,-6.524999999999999,1.5707963267948966
-18.55,-6.474999999999998,1.5707963267948966
-18.55,-6.424999999999997,1.5707963267948966
-18.55,-6.375,1.5707963267948966
-18.55,-6.324999999999999,1.5707963267948966
-18.55,-6.274999999999999,1.5707963267948966
-18.55,-6.224999999999998,1.5707963267948966
-18.55,-6.174999999999997,1.5707963267948966
-18.55,-6.125,1.5707963267948966
-18.55,-6.074999999999999,1.5707963267948966
-18.55,-6.024999999999999,1.5707963267948966
-18.55,-5.974999999999998,1.5707963267948966
-18.55,-5.924999999999997,1.5707963267948966
-18.55,-5.875,1.5707963267948966
-18.55,-5.824999999999999,1.5707963267948966
-18.55,-5.774999999999999,1.5707963267948966
-18.55,-5.724999999999998,1.5707963267948966
-18.55,-5.674999999999997,1.5707963267948966
-18.55,-5.625,1.5707963267948966
-18.55,-5.574999999999999,1.5707963267948966
-18.55,-5.524999999999999,1.5707963267948966
-18.55,-5.474999999999998,1.5707963267948966
-18.55,-5.424999999999997,1.5707963267948966
-18.55,-5.375,1.5707963267948966
-18.55,-5.324999999999999,1.5707963267948966
-18.55,-5.274999999999999,1.5707963267948966
-18.55,-5.224999999999998,1.5707963267948966
-18.55,-5.174999999999997,1.5707963267948966
-18.55,-5.125,1.5707963267948966
-18.55,-5.074999999999999,1.5707963267948966
-18.55,-5.024999999999999,1.5707963267948966
-18.55,-4.974999999999998,1.5707963267948966
-18.55,-4.924999999999997,1.5707963267948966
-18.55,-4.875,1.5707963267948966
-18.55,-4.824999999999999,1.5707963267948966
-18.55,-4.774999999999999,1.5707963267948966
-18.55,-4.724999999999998,1.5707963267948966
-18.55,-4.674999999999997,1.5707963267948966
-18.55,-4.625,1.5707963267948966
-18.55,-4.574999999999999,1.5707963267948966
-18.55,-4.524999999999999,1.5707963267948966
-18.55,-4.474999999999998,1.5707963267948966
-18.55,-4.424999999999997,1.5707963267948966
-18.55,-4.375,1.5707963267948966
-18.55,-4.324999999999999,1.5707963267948966
-18.55,-4.274999999999999,1.5707963267948966
-18.55,-4.224999999999998,1.5707963267948966
-18.55,-4.174999999999997,1.5707963267948966
-18.55,-4.125,1.5707963267948966
-18.55,-4.074999999999999,1.5707963267948966
-18.55,-4.024999999999999,1.5707963267948966
-18.55,-3.974999999999998,1.5707963267948966
-18.55,-3.924999999999997,1.5707963267948966
-18.55,-3.875,1.5707963267948966
-18.55,-3.8249999999999993,1.5707963267948966
-18.55,-3.7749999999999986,1.5707963267948966
-18.55,-3.724999999999998,1.5707963267948966
-18.55,-3.674999999999997,1.5707963267948966
-18.55,-3.625,1.5707963267948966
-18.55,-3.5749999999999957,1.5707963267948966
-18.55,-3.5249999999999986,1.5707963267948966
-18.55,-3.4750000000000014,1.5707963267948966
-18.55,-3.424999999999997,1.5707963267948966
-18.55,-3.375,1.5707963267948966
-18.55,-3.3249999999999957,1.5707963267948966
-18.55,-3.2749999999999986,1.5707963267948966
-18.55,-3.2250000000000014,1.5707963267948966
-18.55,-3.174999999999997,1.5707963267948966
-18.55,-3.125,1.5707963267948966
-18.55,-3.0749999999999957,1.5707963267948966
-18.55,-3.0249999999999986,1.5707963267948966
-18.55,-2.9750000000000014,1.5707963267948966
-18.55,-2.924999999999997,1.5707963267948966
-18.55,-2.875,1.5707963267948966
-18.55,-2.8249999999999957,1.5707963267948966
-18.55,-2.7749999999999986,1.5707963267948966
-18.55,-2.7250000000000014,1.5707963267948966
-18.55,-2.674999999999997,1.5707963267948966
-18.55,-2.625,1.5707963267948966
-18.55,-2.5749999999999957,1.5707963267948966
-18.55,-2.5249999999999986,1.5707963267948966
-18.55,-2.4750000000000014,1.5707963267948966
-18.55,-2.424999999999997,1.5707963267948966
-18.55,-2.375,1.5707963267948966
-18.55,-2.3249999999999957,1.5707963267948966
-18.55,-2.2749999999999986,1.5707963267948966
-18.55,-2.2250000000000014,1.5707963267948966
-18.55,-2.174999999999997,1.5707963267948966
-18.55,-2.125,1.5707963267948966
-18.55,-2.0749999999999957,1.5707963267948966
-18.55,-2.0249999999999986,1.5707963267948966
-18.55,-1.9750000000000014,1.5707963267948966
-18.55,-1.9249999999999972,1.5707963267948966
-18.55,-1.875,1.5707963267948966
-18.55,-1.8249999999999957,1.5707963267948966
-18.55,-1.7749999999999986,1.5707963267948966
-18.55,-1.7250000000000014,1.5707963267948966
-18.55,-1.6749999999999972,1.5707963267948966
-18.55,-1.625,1.5707963267948966
-18.55,-1.5749999999999957,1.5707963267948966
-18.55,-1.5249999999999986,1.5707963267948966
-18.55,-1.4750000000000014,1.5707963267948966
-18.55,-1.4249999999999972,1.5707963267948966
-18.55,-1.375,1.5707963267948966
-18.55,-1.3249999999999957,1.5707963267948966
-18.55,-1.2749999999999986,1.5707963267948966
-18.55,-1.2250000000000014,1.5707963267948966
-18.55,-1.1749999999999972,1.5707963267948966
-18.55,-1.125,0.7853981633974838
-18.5,-1.0749999999999957,0.7853981633974483
-18.450000000000003,-1.0249999999999986,1.5707963267948966
-18.450000000000003,-0.9750000000000014,1.5707963267948966
-18.450000000000003,-0.9249999999999972,0.7853981633974128
-18.400000000000002,-0.875,0.7853981633974838
-18.35,-0.8249999999999957,1.5707963267948966
-18.35,-0.7749999999999986,0.7853981633974128
-18.3,-0.7250000000000014,1.5707963267948966
-18.3,-0.6749999999999972,0.7853981633974128
-18.25,-0.625,1.5707963267948966
-18.25,-0.5749999999999957,0.7853981633974483
-18.200000000000003,-0.5249999999999986,1.5707963267948966
-18.200000000000003,-0.4750000000000014,0.7853981633974838
-18.150000000000002,-0.42499999999999716,0.7853981633974128
-18.1,-0.375,1.5707963267948966
-18.1,-0.32499999999999574,0.7853981633974128
-18.05,-0.2749999999999986,1.5707963267948966
-18.05,-0.22500000000000142,0.7853981633974838
-18.0,-0.17499999999999716,0.7853981633974483
-17.950000000000003,-0.125,1.5707963267948966
-17.950000000000003,-0.07499999999999574,0.7853981633974128
-17.900000000000002,-0.02499999999999858,1.5707963267948966
-17.900000000000002,0.02499999999999858,0.7853981633974838
-17.85,0.07500000000000284,1.5707963267948966
-17.85,0.125,0.7853981633974838
-17.8,0.17500000000000426,1.5707963267948966
-17.8,0.22500000000000142,0.7853981633974128
-17.75,0.2749999999999986,0.7853981633975193
-17.700000000000003,0.32500000000000284,1.5707963267948966
-17.700000000000003,0.375,0.7853981633974838
-17.650000000000002,0.42500000000000426,0.7853981633974128
-17.6,0.4750000000000014,0.7853981633974128
-17.55,0.5249999999999986,1.5707963267948966
-17.55,0.5750000000000028,0.7853981633974128
-17.5,0.625,0.7853981633975193
-17.450000000000003,0.6750000000000043,1.5707963267948966
-17.450000000000003,0.7250000000000014,0.7853981633974128
-17.400000000000002,0.7749999999999986,1.5707963267948966
-17.400000000000002,0.8250000000000028,0.7853981633974128
-17.35,0.875,0.7853981633974838
-17.3,0.9250000000000043,1.5707963267948966
-17.3,0.9750000000000014,0.7853981633974128
-17.25,1.0249999999999986,0.7853981633975193
-17.200000000000003,1.0750000000000028,1.5707963267948966
-17.200000000000003,1.125,0.7853981633974838
-17.150000000000002,1.1750000000000043,0.7853981633974128
-17.1,1.2250000000000014,1.5707963267948966
-17.1,1.2749999999999986,0.7853981633974838
-17.05,1.3250000000000028,0.7853981633974128
-17.0,1.375,0.7853981633975193
-16.950000000000003,1.4250000000000043,1.5707963267948966
-16.950000000000003,1.4750000000000014,0.7853981633974128
-16.900000000000002,1.5249999999999986,0.7853981633974838
-16.85,1.5750000000000028,1.5707963267948966
-16.85,1.625,1.5707963267948966
-16.85,1.6750000000000043,0.7853981633974128
-16.8,1.7250000000000014,0.7853981633974128
-16.75,1.7749999999999986,1.5707963267948966
-16.75,1.8250000000000028,0.7853981633974483
-16.700000000000003,1.875,1.5707963267948966
-16.700000000000003,1.9250000000000043,0.7853981633974128
-16.650000000000002,1.9750000000000014,1.5707963267948966
-16.650000000000002,2.0249999999999986,0.7853981633974838
-16.6,2.075000000000003,0.7853981633974128
-16.55,2.125,1.5707963267948966
-16.55,2.1750000000000043,0.7853981633974128
-16.5,2.2250000000000014,0.7853981633974483
-16.450000000000003,2.2749999999999986,1.5707963267948966
-16.450000000000003,2.325000000000003,1.5707963267948966
-16.450000000000003,2.375,0.7853981633974838
-16.400000000000002,2.4250000000000043,1.5707963267948966
-16.400000000000002,2.4750000000000014,0.7853981633974128
-16.35,2.5249999999999986,0.7853981633974838
-16.3,2.575000000000003,1.5707963267948966
-16.3,2.625,0.7853981633974838
-16.25,2.6750000000000043,1.5707963267948966
-16.25,2.7250000000000014,0.7853981633975193
-16.200000000000003,2.7750000000000057,1.5707963267948966
-16.200000000000003,2.825000000000003,0.7853981633974128
-16.150000000000002,2.875,1.5707963267948966
-16.150000000000002,2.9250000000000043,0.7853981633974128
-16.1,2.9750000000000014,1.5707963267948966
-16.1,3.0250000000000057,0.7853981633974128
-16.05,3.075000000000003,1.5707963267948966
-16.05,3.125,0.7853981633974838
-16.0,3.1750000000000043,1.5707963267948966
-16.0,3.2250000000000014,0.7853981633975016
-15.950000000000001,3.2750000000000057,1.5707963267948966
-15.950000000000001,3.325000000000003,0.7853981633974305
-15.900000000000002,3.375,1.5707963267948966
-15.900000000000002,3.4250000000000043,0.7853981633974128
-15.850000000000001,3.4750000000000014,1.5707963267948966
-15.850000000000001,3.5250000000000057,1.5707963267948966
-15.850000000000001,3.575000000000003,0.7853981633974128
-15.8,3.625,1.5707963267948966
-15.8,3.6750000000000043,0.7853981633974305
-15.750000000000002,3.7250000000000014,1.5707963267948966
-15.750000000000002,3.7750000000000057,1.5707963267948966
-15.750000000000002,3.825000000000003,0.7853981633974128
-15.700000000000001,3.875,1.5707963267948966
-15.700000000000001,3.9250000000000043,0.7853981633974305
-15.650000000000002,3.9750000000000014,1.5707963267948966
-15.650000000000002,4.025000000000006,0.7853981633974128
-15.600000000000001,4.075000000000003,1.5707963267948966
-15.600000000000001,4.125,0.7853981633974838
-15.55,4.175000000000004,1.5707963267948966
-15.55,4.225000000000001,1.5707963267948966
-15.55,4.275000000000006,0.7853981633974305
-15.500000000000002,4.325000000000003,0.7853981633974128
-15.450000000000001,4.375,1.5707963267948966
-15.450000000000001,4.425000000000004,1.5707963267948966
-15.450000000000001,4.475000000000001,0.7853981633975016
-15.400000000000002,4.525000000000006,0.7853981633974128
-15.350000000000001,4.575000000000003,1.5707963267948966
-15.350000000000001,4.625,0.7853981633974838
-15.3,4.675000000000004,1.5707963267948966
-15.3,4.725000000000001,1.5707963267948966
-15.3,4.775000000000006,0.7853981633974305
-15.250000000000002,4.825000000000003,1.5707963267948966
-15.250000000000002,4.875,1.5707963267948966
-15.250000000000002,4.925000000000004,1.5707963267948966
-15.250000000000002,4.975000000000001,0.7853981633974838
-15.200000000000001,5.025000000000006,0.7853981633974305
-15.150000000000002,5.075000000000003,1.5707963267948966
-15.150000000000002,5.125,1.5707963267948966
-15.150000000000002,5.175000000000004,1.5707963267948966
-15.150000000000002,5.225000000000001,0.7853981633974838
-15.100000000000001,5.275000000000006,1.5707963267948966
-15.100000000000001,5.325000000000003,0.7853981633974128
-15.05,5.375,1.5707963267948966
-15.05,5.425000000000004,0.7853981633974305
-15.000000000000002,5.475000000000001,1.5707963267948966
-15.000000000000002,5.525000000000006,1.5707963267948966
-15.000000000000002,5.575000000000003,0.7853981633974128
-14.950000000000001,5.625,1.5707963267948966
-14.950000000000001,5.675000000000004,1.5707963267948966
-14.950000000000001,5.725000000000001,0.7853981633975016
-14.900000000000002,5.775000000000006,1.5707963267948966
-14.900000000000002,5.825000000000003,0.7853981633974128
-14.850000000000001,5.875,1.5707963267948966
-14.850000000000001,5.925000000000004,0.7853981633974128
-14.8,5.975000000000001,1.5707963267948966
-14.8,6.025000000000006,1.5707963267948966
-14.8,6.075000000000003,1.5707963267948966
-14.8,6.125,0.7853981633975016
-14.750000000000002,6.175000000000004,1.5707963267948966
-14.750000000000002,6.225000000000001,0.7853981633974838
-14.700000000000001,6.275000000000006,1.5707963267948966
-14.700000000000001,6.325000000000003,1.5707963267948966
-14.700000000000001,6.375,1.5707963267948966
-14.700000000000001,6.425000000000004,1.5707963267948966
-14.700000000000001,6.475000000000001,0.7853981633975016
-14.650000000000002,6.525000000000006,1.5707963267948966
-14.650000000000002,6.575000000000003,1.5707963267948966
-14.650000000000002,6.625,0.7853981633974838
-14.600000000000001,6.675000000000004,1.5707963267948966
-14.600000000000001,6.725000000000001,1.5707963267948966
-14.600000000000001,6.775000000000006,1.5707963267948966
-14.600000000000001,6.825000000000003,1.5707963267948966
-14.600000000000001,6.875,0.7853981633974838
-14.55,6.925000000000004,1.5707963267948966
-14.55,6.975000000000001,1.5707963267948966
-14.55,7.025000000000006,1.5707963267948966
-14.55,7.075000000000003,1.5707963267948966
-14.55,7.125,1.5707963267948966
-14.55,7.175000000000004,1.5707963267948966
-14.55,7.225000000000001,1.5707963267948966
-14.55,7.275000000000006,1.5707963267948966
-14.55,7.325000000000003,1.5707963267948966
-14.55,7.375,1.5707963267948966
-14.55,7.425000000000004,1.5707963267948966
-14.55,7.475000000000001,1.5707963267948966
-14.55,7.525000000000006,1.5707963267948966
-14.55,7.575000000000003,1.5707963267948966
-14.55,7.625,1.5707963267948966
-14.55,7.675000000000004,1.5707963267948966
-14.55,7.725000000000001,1.5707963267948966
-14.55,7.775000000000006,1.5707963267948966
-14.55,7.825000000000003,1.5707963267948966
-14.55,7.875,1.5707963267948966
-14.55,7.925000000000004,1.5707963267948966
-14.55,7.975000000000001,1.5707963267948966
-14.55,8.025000000000006,1.5707963267948966
-14.55,8.075000000000003,1.5707963267948966
-14.55,8.125,1.5707963267948966
-14.55,8.175000000000004,1.5707963267948966
-14.55,8.225000000000001,0.7853981633974838
-14.5,8.275000000000006,1.5707963267948966
-14.5,8.325000000000003,1.5707963267948966
-14.5,8.375,1.5707963267948966
-14.5,8.425000000000004,1.5707963267948966
-14.5,8.475000000000001,1.5707963267948966
-14.5,8.525000000000006,1.5707963267948966
-14.5,8.575000000000003,1.5707963267948966
-14.5,8.625,1.5707963267948966
-14.5,8.675000000000004,2.3561944901923804
-14.55,8.725000000000001,1.5707963267948966
-14.55,8.775000000000006,1.5707963267948966
-14.55,8.825000000000003,1.5707963267948966
-14.55,8.875,1.5707963267948966
-14.55,8.925000000000004,1.5707963267948966
-14.55,8.975000000000001,1.5707963267948966
-14.55,9.025000000000006,1.5707963267948966
-14.55,9.075000000000003,1.5707963267948966
-14.55,9.125,1.5707963267948966
-14.55,9.175000000000004,1.5707963267948966
-14.55,9.225000000000001,2.3561944901923093
-14.600000000000001,9.275000000000006,1.5707963267948966
-14.600000000000001,9.325000000000003,1.5707963267948966
-14.600000000000001,9.375,1.5707963267948966
-14.600000000000001,9.425000000000004,1.5707963267948966
-14.600000000000001,9.475000000000001,1.5707963267948966
-14.600000000000001,9.525000000000006,2.3561944901923804
-14.650000000000002,9.575000000000003,1.5707963267948966
-14.650000000000002,9.625,1.5707963267948966
-14.650000000000002,9.675000000000004,1.5707963267948966
-14.650000000000002,9.725000000000001,1.5707963267948966
-14.650000000000002,9.775000000000006,2.3561944901923626
-14.700000000000001,9.825000000000003,1.5707963267948966
-14.700000000000001,9.875,1.5707963267948966
-14.700000000000001,9.925000000000004,1.5707963267948966
-14.700000000000001,9.975000000000001,1.5707963267948966
-14.700000000000001,10.025000000000006,2.3561944901923804
-14.750000000000002,10.075000000000003,1.5707963267948966
-14.750000000000002,10.125,1.5707963267948966
-14.750000000000002,10.175000000000004,2.3561944901923626
-14.8,10.225000000000001,1.5707963267948966
-14.8,10.275000000000006,1.5707963267948966
-14.8,10.325000000000003,1.5707963267948966
-14.8,10.375,2.3561944901923093
-14.850000000000001,10.425000000000004,1.5707963267948966
-14.850000000000001,10.475000000000001,1.5707963267948966
-14.850000000000001,10.525000000000006,1.5707963267948966
-14.850000000000001,10.575000000000003,2.3561944901923804
-14.900000000000002,10.625,1.5707963267948966
-14.900000000000002,10.675000000000004,1.5707963267948966
-14.900000000000002,10.725000000000001,2.3561944901922915
-14.950000000000001,10.775000000000006,1.5707963267948966
-14.950000000000001,10.825000000000003,1.5707963267948966
-14.950000000000001,10.875,2.3561944901923093
-15.000000000000002,10.925000000000004,1.5707963267948966
-15.000000000000002,10.975000000000001,1.5707963267948966
-15.000000000000002,11.025000000000006,2.3561944901923626
-15.05,11.075000000000003,1.5707963267948966
-15.05,11.125,1.5707963267948966
-15.05,11.175000000000004,2.3561944901923804
-15.100000000000001,11.225000000000001,1.5707963267948966
-15.100000000000001,11.275000000000006,2.3561944901923804
-15.150000000000002,11.325000000000003,1.5707963267948966
-15.150000000000002,11.375,2.3561944901922915
-15.200000000000001,11.425000000000004,1.5707963267948966
-15.200000000000001,11.475000000000001,2.3561944901923093
-15.250000000000002,11.525000000000006,2.3561944901923626
-15.3,11.575000000000003,1.5707963267948966
-15.3,11.625,2.3561944901923093
-15.350000000000001,11.675000000000004,2.3561944901923804
-15.400000000000002,11.725000000000001,1.5707963267948966
-15.400000000000002,11.775000000000006,2.3561944901923626
-15.450000000000001,11.825000000000003,2.3561944901923804
-15.500000000000002,11.875,1.5707963267948966
-15.500000000000002,11.925000000000004,2.3561944901923626
-15.55,11.975000000000001,2.3561944901923093
-15.600000000000001,12.025000000000006,1.5707963267948966
-15.600000000000001,12.075000000000003,2.3561944901923804
-15.650000000000002,12.125,2.3561944901922915
-15.700000000000001,12.175000000000004,1.5707963267948966
-15.700000000000001,12.225000000000001,2.3561944901923093
-15.750000000000002,12.275000000000006,1.5707963267948966
-15.750000000000002,12.325000000000003,2.3561944901923626
-15.8,12.375,2.3561944901923093
-15.850000000000001,12.425000000000004,1.5707963267948966
-15.850000000000001,12.475000000000001,2.3561944901923093
-15.900000000000002,12.525000000000006,2.3561944901923626
-15.950000000000001,12.575000000000003,1.5707963267948966
-15.950000000000001,12.625,2.3561944901922915
-16.0,12.675000000000004,2.3561944901923804
-16.05,12.725000000000001,1.5707963267948966
-16.05,12.775000000000006,2.3561944901923804
-16.1,12.825000000000003,2.3561944901923804
-16.150000000000002,12.875,2.3561944901923093
-16.200000000000003,12.925000000000004,2.356194490192345
-16.25,12.975000000000001,2.3561944901923093
-16.3,13.025000000000006,1.5707963267948966
-16.3,13.075000000000003,2.3561944901923804
-16.35,13.125,2.3561944901923093
-16.400000000000002,13.175000000000004,2.3561944901923804
-16.450000000000003,13.225000000000001,2.356194490192274
-16.5,13.275000000000006,2.3561944901923804
-16.55,13.325000000000003,2.3561944901923804
-16.6,13.375,2.3561944901923093
-16.650000000000002,13.425000000000004,2.3561944901923804
-16.700000000000003,13.475000000000001,2.356194490192274
-16.75,13.525000000000006,2.3561944901923804
-16.8,13.575000000000003,2.3561944901923804
-16.85,13.625,2.3561944901923093
-16.900000000000002,13.675000000000004,2.3561944901923804
-16.950000000000003,13.725000000000001,2.356194490192274
-17.0,13.775000000000006,2.3561944901923804
-17.05,13.825000000000003,2.3561944901923804
-17.1,13.875,2.3561944901923093
-17.150000000000002,13.925000000000004,2.3561944901923804
-17.200000000000003,13.975000000000001,2.356194490192274
-17.25,14.025000000000006,2.3561944901923804
-17.3,14.075000000000003,2.3561944901923804
-17.35,14.125,2.3561944901923093
-17.400000000000002,14.175000000000004,2.3561944901923804
-17.450000000000003,14.225000000000001,2.356194490192274
-17.5,14.275000000000006,2.3561944901923804
-17.55,14.325000000000003,2.3561944901923804
-17.6,14.375,2.3561944901923093
-17.650000000000002,14.425000000000004,2.3561944901923804
-17.700000000000003,14.475000000000001,2.356194490192274
-17.75,14.525000000000006,2.3561944901923804
-17.8,14.575000000000003,2.3561944901923804
-17.85,14.625,2.3561944901923093
-17.900000000000002,14.675000000000004,2.3561944901923804
-17.950000000000003,14.725000000000001,2.356194490192274
-18.0,14.775000000000006,2.3561944901923804
-18.05,14.825000000000003,2.3561944901923804
-18.1,14.875,2.3561944901923093
-18.150000000000002,14.925000000000004,2.3561944901923804
-18.200000000000003,14.975000000000001,2.356194490192274
-18.25,15.025000000000006,2.3561944901923804
-18.3,15.075000000000003,2.3561944901923804
-18.35,15.125,2.3561944901923093
-18.400000000000002,15.175000000000004,2.3561944901923804
-18.450000000000003,15.225000000000001,2.356194490192274
-18.5,15.275000000000006,2.3561944901923804
-18.55,15.325000000000003,1.5707963267948966
-18.55,15.375,2.3561944901923093
-18.6,15.425000000000004,1.5707963267948966
-18.6,15.475000000000001,1.5707963267948966
-18.6,15.525000000000006,2.3561944901923804
-18.650000000000002,15.575000000000003,1.5707963267948966
-18.650000000000002,15.625,2.3561944901923093
-18.700000000000003,15.675000000000004,1.5707963267948966
-18.700000000000003,15.725000000000001,2.356194490192274
-18.75,15.775000000000006,1.5707963267948966
-18.75,15.825000000000003,2.3561944901923804
-18.8,15.875,1.5707963267948966
-18.8,15.925000000000004,2.3561944901923804
-18.85,15.975000000000001,1.5707963267948966
-18.85,16.025000000000006,1.5707963267948966
-18.85,16.075000000000003,2.3561944901923804
-18.900000000000002,16.125,1.5707963267948966
-18.900000000000002,16.175000000000004,2.3561944901923804
-18.950000000000003,16.225,1.5707963267948966
-18.950000000000003,16.275000000000006,2.356194490192345
-19.0,16.325000000000003,1.5707963267948966
-19.0,16.375,2.3561944901923093
-19.05,16.425000000000004,1.5707963267948966
-19.05,16.475,2.3561944901923093
-19.1,16.525000000000006,1.5707963267948966
-19.1,16.575000000000003,1.5707963267948966
-19.1,16.625,2.3561944901923093
-19.150000000000002,16.675000000000004,1.5707963267948966
-19.150000000000002,16.725,2.3561944901923093
-19.200000000000003,16.775000000000006,1.5707963267948966
-19.200000000000003,16.825000000000003,2.356194490192345
-19.25,16.875,1.5707963267948966
-19.25,16.925000000000004,2.3561944901923804
-19.3,16.975,1.5707963267948966
-19.3,17.025000000000006,2.3561944901923804
-19.35,17.075000000000003,1.5707963267948966
-19.35,17.125,1.5707963267948966
-19.35,17.175000000000004,2.3561944901923804
-19.400000000000002,17.225,1.5707963267948966
-19.400000000000002,17.275000000000006,2.3561944901923804
-19.450000000000003,17.325000000000003,1.5707963267948966
-19.450000000000003,17.375,2.356194490192274
-19.5,17.425000000000004,1.5707963267948966
-19.5,17.475,2.3561944901923093
-19.55,17.525000000000006,1.5707963267948966
-19.55,17.575000000000003,2.3561944901923804
-19.6,17.625,1.5707963267948966
-19.6,17.675000000000004,1.5707963267948966
-19.6,17.725,2.3561944901923093
-19.650000000000002,17.775000000000006,1.5707963267948966
-19.650000000000002,17.825000000000003,2.3561944901923804
-19.700000000000003,17.875,1.5707963267948966
-19.700000000000003,17.925000000000004,2.356194490192345
-19.75,17.975,1.5707963267948966
-19.75,18.025000000000006,2.3561944901923804
-19.8,18.075000000000003,1.5707963267948966
-19.8,18.125,2.3561944901923093
-19.85,18.175000000000004,1.5707963267948966
-19.85,18.225,1.5707963267948966
-19.85,18.275000000000006,2.3561944901923804
-19.900000000000002,18.325000000000003,1.5707963267948966
-19.900000000000002,18.375,2.3561944901923093
-19.950000000000003,18.425000000000004,1.5707963267948966
-19.950000000000003,18.475,2.356194490192274
-20.0,18.525000000000006,1.5707963267948966
-20.0,18.575000000000003,2.3561944901923804
-20.05,18.625,1.5707963267948966
-20.05,18.675000000000004,2.3561944901923804
-20.1,18.725,1.5707963267948966
-20.1,18.775000000000006,1.5707963267948966
-20.1,18.825000000000003,2.3561944901923804
-20.150000000000002,18.875,1.5707963267948966
-20.150000000000002,18.925000000000004,2.3561944901923804
-20.200000000000003,18.975,1.5707963267948966
-20.200000000000003,19.025000000000006,2.356194490192345
-20.25,19.075000000000003,1.5707963267948966
-20.25,19.125,2.3561944901923093
-20.3,19.175000000000004,1.5707963267948966
-20.3,19.225,2.3561944901923093
-20.35,19.275000000000006,1.5707963267948966
-20.35,19.325000000000003,1.5707963267948966
-20.35,19.375,2.3561944901923093
-20.400000000000002,19.425000000000004,1.5707963267948966
-20.400000000000002,19.475,2.3561944901923093
-20.450000000000003,19.525000000000006,1.5707963267948966
-20.450000000000003,19.575000000000003,2.356194490192345
-20.5,19.625,1.5707963267948966
-20.5,19.675000000000004,2.3561944901923804
-20.55,19.725,1.5707963267948966
-20.55,19.775000000000006,2.3561944901923804
-20.6,19.825000000000003,1.5707963267948966
-20.6,19.875,1.5707963267948966
-20.6,19.925000000000004,2.3561944901923804
-20.650000000000002,19.975,1.5707963267948966
-20.650000000000002,20.025000000000006,2.3561944901923804
-20.700000000000003,20.075000000000003,2.356194490192345
-20.75,20.125,1.5707963267948966
-20.75,20.175000000000004,2.3561944901923804
-20.8,20.225,2.3561944901923093
-20.85,20.275000000000006,2.3561944901923804
-20.900000000000002,20.325000000000003,2.3561944901923804
-20.950000000000003,20.375,2.356194490192274
-21.0,20.425000000000004,2.3561944901923804
-21.05,20.475,2.3561944901923093
-21.1,20.525000000000006,1.5707963267948966
-21.1,20.575000000000003,2.3561944901923804
-21.150000000000002,20.625,2.3561944901923093
-21.200000000000003,20.675000000000004,2.356194490192345
-21.25,20.725,1.5707963267948966
-21.25,20.775000000000006,2.356194490192416
-21.300000000000004,20.825000000000003,2.356194490192345
-21.35,20.875,2.3561944901923093
-21.400000000000002,20.925000000000004,1.5707963267948966
-21.400000000000002,20.975,2.3561944901923093
-21.450000000000003,21.025000000000006,2.356194490192345
-21.5,21.075000000000003,1.5707963267948966
-21.5,21.125,2.356194490192345
-21.550000000000004,21.175000000000004,2.356194490192345
-21.6,21.225,1.5707963267948966
-21.6,21.275000000000006,1.5707963267948966
-21.6,21.325000000000003,2.3561944901923804
-21.650000000000002,21.375,1.5707963267948966
-21.650000000000002,21.425000000000004,1.5707963267948966
-21.650000000000002,21.475,2.3561944901923093
-21.700000000000003,21.525000000000006,1.5707963267948966
-21.700000000000003,21.575000000000003,1.5707963267948966
-21.700000000000003,21.625,2.356194490192274
-21.75,21.675000000000004,1.5707963267948966
-21.75,21.725,1.5707963267948966
-21.75,21.775000000000006,1.5707963267948966
-21.75,21.825000000000003,1.5707963267948966
-21.75,21.875,2.356194490192345
-21.800000000000004,21.925000000000004,1.5707963267948966
-21.800000000000004,21.975,1.5707963267948966
-21.800000000000004,22.025000000000006,1.5707963267948966
-21.800000000000004,22.075000000000003,2.356194490192345
-21.85,22.125,1.5707963267948966
-21.85,22.175000000000004,1.5707963267948966
-21.85,22.225,1.5707963267948966
-21.85,22.275000000000006,1.5707963267948966
-21.85,22.325000000000003,2.3561944901923804
-21.900000000000002,22.375,1.5707963267948966
-21.900000000000002,22.425000000000004,1.5707963267948966
-21.900000000000002,22.475,1.5707963267948966
-21.900000000000002,22.525000000000006,1.5707963267948966
-21.900000000000002,22.575000000000003,1.5707963267948966
-21.900000000000002,22.625,1.5707963267948966
-21.900000000000002,22.675000000000004,2.3561944901923804
-21.950000000000003,22.725,1.5707963267948966
-21.950000000000003,22.775000000000006,1.5707963267948966
-21.950000000000003,22.825000000000003,1.5707963267948966
-21.950000000000003,22.875,2.356194490192274
-22.0,22.925000000000004,1.5707963267948966
-22.0,22.975,2.356194490192345
-22.050000000000004,23.025000000000006,1.5707963267948966
-22.050000000000004,23.075000000000003,2.356194490192345
-22.1,23.125,1.5707963267948966
-22.1,23.175000000000004,2.3561944901923804
-22.150000000000002,23.225,1.5707963267948966
-22.150000000000002,23.275000000000006,1.5707963267948966
-22.150000000000002,23.325000000000003,2.3561944901923804
-22.200000000000003,23.375,1.5707963267948966
-22.200000000000003,23.425000000000004,2.356194490192345
-22.25,23.475,1.5707963267948966
-22.25,23.525000000000006,2.356194490192416
-22.300000000000004,23.575000000000003,1.5707963267948966
-22.300000000000004,23.625,2.356194490192274
-22.35,23.675000000000004,1.5707963267948966
-22.35,23.725,2.3561944901923093
-22.400000000000002,23.775000000000006,1.5707963267948966
-22.400000000000002,23.825000000000003,1.5707963267948966
-22.400000000000002,23.875,2.3561944901923093
-22.450000000000003,23.925000000000004,1.5707963267948966
-22.450000000000003,23.975,2.356194490192274
-22.5,24.025000000000006,1.5707963267948966
-22.5,24.075000000000003,2.356194490192416
-22.550000000000004,24.125,1.5707963267948966
-22.550000000000004,24.175000000000004,2.356194490192345
-22.6,24.225,1.5707963267948966
-22.6,24.275000000000006,1.5707963267948966
-22.6,24.325000000000003,2.3561944901923804
